{
  "Search Item" : {
    "transaction" : "Search Item",
    "sampleCount" : 10,
    "errorCount" : 0,
    "errorPct" : 0.0,
    "meanResTime" : 1033.8,
    "medianResTime" : 790.0,
    "minResTime" : 579.0,
    "maxResTime" : 3095.0,
    "pct1ResTime" : 2889.2000000000007,
    "pct2ResTime" : 3095.0,
    "pct3ResTime" : 3095.0,
    "throughput" : 1.8281535648994516,
    "receivedKBytesPerSec" : 50.65842093235832,
    "sentKBytesPerSec" : 1.5114402422303475
  },
  "Test" : {
    "transaction" : "Test",
    "sampleCount" : 10,
    "errorCount" : 0,
    "errorPct" : 0.0,
    "meanResTime" : 3255.7999999999997,
    "medianResTime" : 3441.0,
    "minResTime" : 1430.0,
    "maxResTime" : 4670.0,
    "pct1ResTime" : 4568.700000000001,
    "pct2ResTime" : 4670.0,
    "pct3ResTime" : 4670.0,
    "throughput" : 1.16427989288625,
    "receivedKBytesPerSec" : 72.74156988590056,
    "sentKBytesPerSec" : 1.6822934858539993
  },
  "Total" : {
    "transaction" : "Total",
    "sampleCount" : 20,
    "errorCount" : 0,
    "errorPct" : 0.0,
    "meanResTime" : 1627.8999999999999,
    "medianResTime" : 1024.5,
    "minResTime" : 393.0,
    "maxResTime" : 3658.0,
    "pct1ResTime" : 3074.1000000000004,
    "pct2ResTime" : 3629.8499999999995,
    "pct3ResTime" : 3658.0,
    "throughput" : 2.3963575365444525,
    "receivedKBytesPerSec" : 74.85949481787682,
    "sentKBytesPerSec" : 1.7312747124370955
  },
  "Dashboard" : {
    "transaction" : "Dashboard",
    "sampleCount" : 10,
    "errorCount" : 0,
    "errorPct" : 0.0,
    "meanResTime" : 2222.0,
    "medianResTime" : 2533.0,
    "minResTime" : 393.0,
    "maxResTime" : 3658.0,
    "pct1ResTime" : 3580.8,
    "pct2ResTime" : 3658.0,
    "pct3ResTime" : 3658.0,
    "throughput" : 1.364442625187611,
    "receivedKBytesPerSec" : 47.43836556829036,
    "sentKBytesPerSec" : 0.8434493962341384
  }
}