{
  "Get Product " : {
    "transaction" : "Get Product ",
    "sampleCount" : 838,
    "errorCount" : 0,
    "errorPct" : 0.0,
    "meanResTime" : 698.1133651551306,
    "medianResTime" : 614.5,
    "minResTime" : 349.0,
    "maxResTime" : 5605.0,
    "pct1ResTime" : 935.0,
    "pct2ResTime" : 1141.999999999999,
    "pct3ResTime" : 2242.5700000000006,
    "throughput" : 2.8168256593321637,
    "receivedKBytesPerSec" : 97.82142311671004,
    "sentKBytesPerSec" : 2.3244313302106234
  },
  "Add to Cart" : {
    "transaction" : "Add to Cart",
    "sampleCount" : 838,
    "errorCount" : 0,
    "errorPct" : 0.0,
    "meanResTime" : 581.4033412887827,
    "medianResTime" : 546.0,
    "minResTime" : 288.0,
    "maxResTime" : 1968.0,
    "pct1ResTime" : 754.2,
    "pct2ResTime" : 926.2499999999998,
    "pct3ResTime" : 1458.6400000000003,
    "throughput" : 2.8341546068540544,
    "receivedKBytesPerSec" : 6.969141894588389,
    "sentKBytesPerSec" : 2.4439048025899712
  },
  "Test" : {
    "transaction" : "Test",
    "sampleCount" : 835,
    "errorCount" : 0,
    "errorPct" : 0.0,
    "meanResTime" : 3521.1461077844288,
    "medianResTime" : 3185.0,
    "minResTime" : 1976.0,
    "maxResTime" : 15802.0,
    "pct1ResTime" : 4419.8,
    "pct2ResTime" : 5323.599999999996,
    "pct3ResTime" : 9629.799999999997,
    "throughput" : 2.7810436074298828,
    "receivedKBytesPerSec" : 408.7129233649712,
    "sentKBytesPerSec" : 11.873752589534616
  },
  "Post Cart" : {
    "transaction" : "Post Cart",
    "sampleCount" : 835,
    "errorCount" : 0,
    "errorPct" : 0.0,
    "meanResTime" : 731.247904191617,
    "medianResTime" : 648.0,
    "minResTime" : 379.0,
    "maxResTime" : 5381.0,
    "pct1ResTime" : 941.4,
    "pct2ResTime" : 1220.3999999999992,
    "pct3ResTime" : 2083.4799999999996,
    "throughput" : 2.8282841968350314,
    "receivedKBytesPerSec" : 106.07170536645755,
    "sentKBytesPerSec" : 3.16524774372358
  },
  "Total" : {
    "transaction" : "Total",
    "sampleCount" : 4191,
    "errorCount" : 0,
    "errorPct" : 0.0,
    "meanResTime" : 704.3397757098543,
    "medianResTime" : 628.0,
    "minResTime" : 288.0,
    "maxResTime" : 9021.0,
    "pct1ResTime" : 927.0,
    "pct2ResTime" : 1144.5999999999985,
    "pct3ResTime" : 2153.359999999997,
    "throughput" : 13.94225491272368,
    "receivedKBytesPerSec" : 409.7921373446009,
    "sentKBytesPerSec" : 11.899165712315826
  },
  "Get Cart" : {
    "transaction" : "Get Cart",
    "sampleCount" : 838,
    "errorCount" : 0,
    "errorPct" : 0.0,
    "meanResTime" : 771.5966587112173,
    "medianResTime" : 670.5,
    "minResTime" : 399.0,
    "maxResTime" : 8016.0,
    "pct1ResTime" : 959.7000000000002,
    "pct2ResTime" : 1186.4999999999986,
    "pct3ResTime" : 3219.4200000000055,
    "throughput" : 2.830650745663666,
    "receivedKBytesPerSec" : 106.16046019186271,
    "sentKBytesPerSec" : 2.482348017193332
  },
  "Dashboard" : {
    "transaction" : "Dashboard",
    "sampleCount" : 842,
    "errorCount" : 0,
    "errorPct" : 0.0,
    "meanResTime" : 739.267220902613,
    "medianResTime" : 650.0,
    "minResTime" : 375.0,
    "maxResTime" : 9021.0,
    "pct1ResTime" : 998.7,
    "pct2ResTime" : 1215.9499999999994,
    "pct3ResTime" : 2455.359999999997,
    "throughput" : 2.80109249260638,
    "receivedKBytesPerSec" : 97.39267295581793,
    "sentKBytesPerSec" : 1.6412651323865508
  }
}